{"MCoeffs":[0.26862247200305894,0.3861982366079968,0.5393153820327511,0.6457264493837982,0.7318976623242682,0.8063106726867848],"BCoeffs":[187.78458329910555,161.7585689680986,177.0726619537378,224.63079921365207,303.32645084115006,502.80233686872185]}