{"MCoeffs":[0.26877022422892827,0.38633310952149263,0.5395034665231764,0.6459742424077252,0.7321846987902789,0.8065865943341473],"BCoeffs":[187.75854577341025,161.71933472989772,177.00858203252574,224.54322047434445,303.23559572640414,502.77411824769274]}