{"MCoeffs":[0.2688621981113824,0.3863803853809277,0.5395533022986924,0.6460442457985383,0.7322886433510741,0.8067070949349219],"BCoeffs":[187.7560376075846,161.71415086223715,176.99787417818914,224.5240507266635,303.21011777679786,502.7798305553106]}