{"MCoeffs":[0.26890236497830744,0.3863888966972822,0.5395555459097704,0.6460503860745174,0.7323109579686435,0.8067424912058754],"BCoeffs":[187.76095422514322,161.71874496214465,177.0020081123132,224.52617522438322,303.2090135389927,502.7908080373949]}