{"MCoeffs":[0.26891416373529187,0.38638401946896805,0.5395456198443426,0.6460405901608763,0.7323077139416064,0.8067459290566892],"BCoeffs":[187.76549829261185,161.72407867914905,177.00797311382954,224.53181224304106,303.2131282726312,502.79788245083336]}