{"MCoeffs":[0.26891530968556304,0.386378369258789,0.5395367832078446,0.6460309923531821,0.7323002164141721,0.8067413220492143],"BCoeffs":[187.767942376695,161.72733490004128,177.01203528139476,224.5360593606533,303.21671293264694,502.8012044610163]}