{"MCoeffs":[0.26891377401640476,0.3863750462242324,0.539531926770273,0.6460253134413836,0.7322947201941824,0.8067367511375134],"BCoeffs":[187.7689345382358,161.72875168676083,177.01398218470595,224.53829785174614,303.2187792653855,502.8024263967397]}