{"MCoeffs":[0.26891225037917105,0.3863735639158724,0.5395299523143879,0.6460228487548545,0.7322919114663222,0.8067340249185528],"BCoeffs":[187.76922757735107,161.72920104724793,177.01466103661917,224.53916769394257,303.21966944441635,502.80269729034194]}