{"MCoeffs":[0.26891134163951746,0.3863730623734072,0.5395293892643067,0.6460220892481852,0.732290848363218,0.8067328251775844],"BCoeffs":[187.7692497197445,161.72926516125338,177.01479465560087,224.53938391900215,303.21993451757106,502.8026437322339]}