{"MCoeffs":[0.26891094172586144,0.38637298019450006,0.539529356596427,0.6460220021832174,0.7322905948084555,0.8067324486341956],"BCoeffs":[187.76920187351757,161.72921876441163,177.01475781299123,224.53937327207345,303.21995702789405,502.80254201919644]}