{"MCoeffs":[0.3333333333333333,0.5555555555555556,0.7222222222222222,0.8425925925925926,0.9228395061728395,0.9768518518518519],"BCoeffs":[25,50,83.56481481481481,132.71604938271605,203.2857510288066,388.5352366255144]}