{"MCoeffs":[0.2689108162113984,0.3863730248449581,0.5395294539850136,0.6460220954386307,0.7322906174447781,0.806732401795493],"BCoeffs":[187.76915855558704,161.72916659179495,177.01469847631543,224.53931829142928,303.2199188883586,502.80247251498264]}