{"MCoeffs":[0.2689108005984977,0.38637307823123046,0.5395295401566215,0.6460221902582148,0.7322906906951018,0.8067324448731106],"BCoeffs":[187.7691342165482,161.72913465223044,177.01465831397965,224.53927588344877,303.21988313890955,502.80243834131306]}