{"MCoeffs":[0.2689108149577034,0.3863731113620838,0.539529588412135,0.6460222467104275,0.7322907452044335,0.806732489994789],"BCoeffs":[187.76912390226548,161.72912023533576,177.0146387984495,224.53925348697862,303.21986240181326,502.8024256286778]}