{"MCoeffs":[0.26891082999826305,0.38637312663931744,0.5395296087103187,0.6460222717217294,0.7322907733610593,0.8067325171655234],"BCoeffs":[187.76912079276232,161.72911546936322,177.01463173809518,224.53924460177691,303.2198533930222,502.80242274800963]}