{"MCoeffs":[0.2689108390551745,0.38637313185991146,0.539529614716348,0.6460222797240526,0.7322907842927735,0.8067325293295792],"BCoeffs":[187.76912051180796,161.72911472148513,177.01463023857556,224.53924226643062,303.21985061021763,502.80242318254045]}