{"MCoeffs":[0.26891084310985974,0.38637313276890206,0.5395296151893982,0.646022280796624,0.7322907870446751,0.8067325332792881],"BCoeffs":[187.76912096075296,161.72911514952906,177.01463054935843,224.53924229409458,303.21985030631294,502.80242415421156]}