{"MCoeffs":[0.2689108444264294,0.3863731323710403,0.5395296142701685,0.6460222799351715,0.7322907869102834,0.8067325338458161],"BCoeffs":[187.76912138338605,161.72911565800828,177.0146311255461,224.5392428202907,303.21985066007477,502.80242484288055]}