{"MCoeffs":[0.2689108446152721,0.38637313185468153,0.5395296134253104,0.6460222790067859,0.7322907862070607,0.8067325334510833],"BCoeffs":[187.7691216271056,161.72911597569177,177.0146315239116,224.5392432397348,303.2198510115499,502.8024251892322]}