{"MCoeffs":[0.2689108444836944,0.386373131524286,0.5395296129422923,0.6460222784432961,0.7322907856679184,0.8067325330096508],"BCoeffs":[187.76912173268784,161.72911612221097,177.0146317209185,224.5392434647733,303.2198512191158,502.8024253204107]}