{"MCoeffs":[0.26891084433655016,0.386373131368889,0.5395296127348103,0.6460222781889863,0.7322907853845776,0.8067325327384474],"BCoeffs":[187.76912176537817,161.72911617196868,177.01463179393,224.5392435558198,303.21985131076787,502.8024253515188]}