{"MCoeffs":[0.3256172839506173,0.5529835390946503,0.702417695473251,0.782550297210791,0.8485129934461212,0.9189011059670789],"BCoeffs":[153.93304183813441,92.78477937814357,112.16635230909922,171.48643896382666,259.25105632610206,476.88775622258635]}