{"MCoeffs":[0.26891084424614903,0.38637313131469475,0.5395296126715073,0.6460222781053204,0.7322907852722805,0.8067325326148618],"BCoeffs":[187.76912176896747,161.7291161805293,177.01463181036976,224.53924358074087,303.21985133992706,502.80242534828625]}