{"MCoeffs":[0.26891084420495404,0.38637313130450857,0.5395296126651854,0.6460222780926537,0.732290785242776,0.8067325325736432],"BCoeffs":[187.76912176480027,161.7291161766922,177.01463180788429,224.53924358121512,303.2198513436876,502.80242533896495]}