{"MCoeffs":[0.2689108441912144,0.38637313130799167,0.5395296126737558,0.6460222781004898,0.7322907852431919,0.8067325325670381],"BCoeffs":[187.76912176066276,161.72911617174432,177.0146318023258,224.53924357621824,303.21985134043166,502.80242533214164]}