{"MCoeffs":[0.2689108441890127,0.38637313131299983,0.5395296126820398,0.6460222781095522,0.7322907852498982,0.8067325325706035],"BCoeffs":[187.76912175822318,161.72911616857917,177.0146317983747,224.5392435720809,303.21985133699087,502.8024253286448]}