{"MCoeffs":[0.2689108441902011,0.3863731313162902,0.539529612686876,0.6460222781151768,0.7322907852552235,0.806732532574908],"BCoeffs":[187.76912175714668,161.72911616709243,177.0146317963854,224.5392435698196,303.2198513349155,502.80242532729443]}