{"MCoeffs":[0.26891084419163613,0.38637313131786555,0.5395296126889917,0.6460222781177606,0.7322907852580746,0.8067325325776138],"BCoeffs":[187.76912175680414,161.7291161665753,177.01463179563243,224.53924356888726,303.2198513339832,502.80242532695917]}