{"MCoeffs":[0.2689108441925381,0.3863731313184273,0.5395296126896563,0.6460222781186321,0.7322907852592262,0.8067325325788686],"BCoeffs":[187.76912175676003,161.72911616647872,177.01463179545388,224.53924356862285,303.2198513336784,502.8024253269802]}