{"MCoeffs":[0.2689108441929562,0.38637313131854056,0.5395296126897359,0.6460222781187785,0.7322907852595405,0.8067325325792973],"BCoeffs":[187.76912175679846,161.72911616651243,177.0146317954723,224.53924356861057,303.2198513336337,502.8024253270694]}