{"MCoeffs":[0.26891084419309913,0.38637313131851053,0.5395296126896565,0.646022278118708,0.7322907852595457,0.806732532579372],"BCoeffs":[187.76912175683887,161.72911616656054,177.0146317955258,224.53924356865775,303.2198513336634,502.8024253271369]}