{"MCoeffs":[0.2689108441931241,0.38637313131846207,0.5395296126895753,0.6460222781186198,0.732290785259482,0.806732532579341],"BCoeffs":[187.76912175686326,161.72911616659198,177.0146317955649,224.53924356869848,303.219851333697,502.8024253271721]}