{"MCoeffs":[0.30630036865569293,0.43170641384697467,0.622554103636387,0.7348797449999154,0.8106057881020955,0.8771176816458696],"BCoeffs":[181.93511305670575,147.57114162837453,146.7532077125418,192.0070025269118,277.88303212792385,496.4023254368163]}