{"MCoeffs":[0.2689108441931136,0.38637313131842954,0.5395296126895274,0.646022278118564,0.7322907852594297,0.806732532579299],"BCoeffs":[187.76912175687423,161.72911616660704,177.01463179558493,224.5392435687211,303.2198513337176,502.80242532718603]}