{"MCoeffs":[0.2689108441930997,0.38637313131841344,0.5395296126895057,0.6460222781185374,0.7322907852594013,0.8067325325792725],"BCoeffs":[187.7691217568778,161.72911616661244,177.0146317955927,224.5392435687307,303.21985133372715,502.8024253271895]}