{"MCoeffs":[0.26891084419309086,0.38637313131840784,0.5395296126894988,0.6460222781185283,0.7322907852593892,0.8067325325792594],"BCoeffs":[187.76912175687832,161.7291161666135,177.01463179559462,224.5392435687335,303.2198513337304,502.8024253271895]}