{"MCoeffs":[0.2689108441930865,0.38637313131840645,0.5395296126894977,0.6460222781185265,0.7322907852593858,0.8067325325792551],"BCoeffs":[187.76912175687798,161.7291161666132,177.0146317955945,224.53924356873372,303.2198513337309,502.8024253271886]}