{"MCoeffs":[0.26891084419308503,0.3863731313184067,0.5395296126894984,0.6460222781185277,0.7322907852593857,0.8067325325792543],"BCoeffs":[187.76912175687758,161.72911616661276,177.014631795594,224.53924356873327,303.2198513337306,502.802425327188]}