{"MCoeffs":[0.26891084419308475,0.3863731313184073,0.539529612689499,0.6460222781185283,0.7322907852593866,0.8067325325792549],"BCoeffs":[187.76912175687735,161.7291161666124,177.01463179559366,224.53924356873281,303.2198513337303,502.8024253271876]}