{"MCoeffs":[0.26891084419308503,0.3863731313184076,0.5395296126894995,0.6460222781185291,0.7322907852593872,0.8067325325792554],"BCoeffs":[187.76912175687724,161.72911616661227,177.01463179559343,224.53924356873267,303.21985133373005,502.80242532718756]}