{"MCoeffs":[0.26891084419308525,0.3863731313184077,0.5395296126895001,0.6460222781185294,0.7322907852593873,0.8067325325792554],"BCoeffs":[187.7691217568772,161.72911616661224,177.01463179559335,224.53924356873256,303.21985133373,502.80242532718756]}