{"MCoeffs":[0.2923725605486232,0.39756014162078235,0.5555185302642957,0.6760354002017007,0.7727800261654058,0.8490701970928769],"BCoeffs":[187.39538385341885,160.84450450080308,173.01699676071414,214.81888654257673,291.6776350244306,501.50864087061854]}