{"MCoeffs":[0.2830233990309589,0.38953743757191334,0.5401848452938064,0.6487161222412666,0.7420346372636167,0.8223679410268518],"BCoeffs":[188.39630188419474,162.90694155697918,178.3369269560062,224.9386549223349,301.86221651636623,505.4231496554424]}