{"MCoeffs":[0.2741226470089505,0.38623748587907597,0.5373013797856118,0.6433717007361889,0.7316600894600217,0.8085869093004929],"BCoeffs":[189.03358174415212,163.03006311728188,178.66318372252474,226.26923901273105,304.50518000367606,505.3542658170133]}