{"MCoeffs":[0.269528969766831,0.38473990073358444,0.5370616461211831,0.6432716745256599,0.7301590733677932,0.8054724072498256],"BCoeffs":[188.66609467151673,162.77926925459784,178.21613124316255,225.80883727133153,304.33438791627964,503.9747012509518]}