{"MCoeffs":[0.26849080241660844,0.38518497035661503,0.537879042760671,0.6442186972198454,0.7306375721303776,0.8053942327252092],"BCoeffs":[188.12837726489624,162.25762577272687,177.6906896377337,225.2622071647943,303.8656752185664,503.2158510523805]}