{"MCoeffs":[0.26846474424173644,0.38586026202931,0.5388024603034374,0.6451423550989823,0.73135246501392,0.8058674160091764],"BCoeffs":[187.87347283559038,161.8984150828588,177.27610605990552,224.85947335104254,303.52872844278704,502.9136936966285]}